Year,Matchday,Team_1,Team_2,Day,Stadium,Time,Referee,A_Referee_1,A_Referee_2,4_official,VAR_official,AVAR_official,Gls_T1,Gls_T2,FR,Coach_T1,Coach_T2,Fmt_T1,Fmt_T2,Ptt,Ptr,Ptp,Ptt_T1,Pt_DH_T1,Pt_OH_T1,Ptt_T2,Pt_DH_T2,Pt_OH_T2,Pt_0_15_T1,Pt_16_30_T1,Pt_31_HT_T1,Pt_45_60_T1,Pt_61_75_T1,Pt_76_FT_T1,Pt_0_15_T2,Pt_16_30_T2,Pt_31_HT_T2,Pt_45_60_T2,Pt_61_75_T2,Pt_76_FT_T2,Atp_T1,Atp_T2,Atp_on_T1,Atp_on_T2,Atp_on_sp_T1,Atp_on_sp_T2,Atp_on_fk_T1,Atp_on_fk_T2,Atp_on_pb_T1,Atp_on_pb_T2,Post_T1,Post_T2,Atp_off_T1,Atp_off_T2,Svs_T1,Svs_T2,Blck_shts_T1,Blck_shts_T2,Scr_chc_T1,Scr_chc_T2,Ast_T1,Ast_T2,Off_T1,Off_T2,Drbbl_T1,Drbbl_T2,Crn_T1,Crn_T2,FlsC_T1,FlsC_T2,Pss_Cmpl_T1,Pss_Cmpl_T2,Pss_Cmpl_Perc_T1,Pss_Cmpl_Perc_T2,Pss_Fnl_Thr_T1,Pss_Fnl_Thr_T2,Frwd_Pss_T1,Frwd_Pss_T2,Bck_Pss_T1,Bck_Pss_T2,Lng_Pss_T1,Lng_Pss_T2,Key_Pss_T1,Key_Pss_T2,Rcv_Bls_T1,Rcv_Bls_T2,Pnt_T1,Pnt_T2,Dst_c_T1,Dst_j_T1,Dst_r_T1,Dst_s_T1,Dst_c_T2,Dst_j_T2,Dst_r_T2,Dst_s_T2,Avg_Spd_T1,Avg_Spd_T2,Atk_l_T1,Atk_c_T1,Atk_r_T1,Atk_l_T2,Atk_c_T2,Atk_r_T2,Blls_Plyd_T1,Blls_Plyd_Def_T1,Blls_Plyd_Mid_T1,Blls_Plyd_Atk_T1,Blls_Plyd_T2,Blls_Plyd_Def_T2,Blls_Plyd_Mid_T2,Blls_Plyd_Atk_T2,Tch_Def_Top_Left_T1,Tch_Def_Top_Ctr_Left_T1,Tch_Def_Top_Ctr_Right_T1,Tch_Def_Top_Right_T1,Tch_Def_Btm_Left_T1,Tch_Def_Btm_Ctr_Left_T1,Tch_Def_Btm_Ctr_Right_T1,Tch_Def_Btm_Right_T1,Tch_Mid_Top_Left_T1,Tch_Mid_Top_Ctr_Left_T1,Tch_Mid_Top_Ctr_Right_T1,Tch_Mid_Top_Right_T1,Tch_Mid_Btm_Left_T1,Tch_Mid_Btm_Ctr_Left_T1,Tch_Mid_Btm_Ctr_Right_T1,Tch_Mid_Btm_Right_T1,Tch_Atk_Top_Left_T1,Tch_Atk_Top_Ctr_Left_T1,Tch_Atk_Top_Ctr_Right_T1,Tch_Atk_Top_Right_T1,Tch_Atk_Btm_Left_T1,Tch_Atk_Btm_Ctr_Left_T1,Tch_Atk_Btm_Ctr_Right_T1,Tch_Atk_Btm_Right_T1,Tch_Def_Top_Left_T2,Tch_Def_Top_Ctr_Left_T2,Tch_Def_Top_Ctr_Right_T2,Tch_Def_Top_Right_T2,Tch_Def_Btm_Left_T2,Tch_Def_Btm_Ctr_Left_T2,Tch_Def_Btm_Ctr_Right_T2,Tch_Def_Btm_Right_T2,Tch_Mid_Top_Left_T2,Tch_Mid_Top_Ctr_Left_T2,Tch_Mid_Top_Ctr_Right_T2,Tch_Mid_Top_Right_T2,Tch_Mid_Btm_Left_T2,Tch_Mid_Btm_Ctr_Left_T2,Tch_Mid_Btm_Ctr_Right_T2,Tch_Mid_Btm_Right_T2,Tch_Atk_Top_Left_T2,Tch_Atk_Top_Ctr_Left_T2,Tch_Atk_Top_Ctr_Right_T2,Tch_Atk_Top_Right_T2,Tch_Atk_Btm_Left_T2,Tch_Atk_Btm_Ctr_Left_T2,Tch_Atk_Btm_Ctr_Right_T2,Tch_Atk_Btm_Right_T2,K_Ply_T1,K_Ply_Nbr_T1,K_Ply_T2,K_Ply_Nbr_T2,Odd_T1,Odd_D,Odd_T2
2020-2021,1,FIORENTINA,TORINO,19/09/2020,ARTEMIO FRANCHI STADIUM,18:00,ROSARIO  ABISSO,VALERIO  COLAROSSI,GIOVANNI  BACCINI,JUAN LUCA  SACCHI,PIERO  GIACOMELLI,MAURO GALETTO,1,0,H,GIUSEPPE IACHINI,MARCO GIAMPAOLO,2003/05/02,4-3-1-2,100'08,62'30,62%,32'52 (53%),14'03 (43%),18'49 (57%),29'38 (47%),24'20 (82%),5'18 (18%),3'25,2'32,5'55,6'30,6'21,8'09,3'58,6'25,6'26,3'15,2'11,7'23,17,6,8(1),3(0),0,0,0,0,4,2,0,0,6,1,3,8,3,2,9,3,1,0,6,1,3,7,4,1,17,20,361,369,85%,83%,130,29,239,103,127,267,38,31,6,2,42,53,0 (0),0 (0),103.095,29.733,66.091,7.271,104.338,28.383,68.42,7.535,6.1,6.2,29 (54%),8 (15%),17 (31%),9 (29%),14 (45%),8 (26%),659,161,259,239,654,299,289,66,7,25,21,5,27,30,34,12,21,38,33,22,33,40,34,38,40,39,19,71,17,13,25,15,22,60,57,18,27,40,37,38,31,52,56,52,21,13,22,42,5,23,12,8,7,5,1,5,GAETANO CASTROVILLI,10,ANDREA BELOTTI,9,1.83,3.75,4.2
2020-2021,1,HELLAS VERONA,ROMA,19/09/2020,MARCANTONIO BENTEGODI STADIUM,20:45,DANIELE  CHIFFI,FABIANO  PRETI,LUIGI  ROSSI,ANTONIO  GIUA,MASSIMILIANO  IRRATI,ALESSIO  TOLFO,3,0,H,IVAN JURIC,PAULO FONSECA,3-4-2-1,3-4-2-1,96'12,48'19,50%,21'36 (45%),14'55 (69%),6'41 (31%),26'43 (55%),14'24 (54%),12'19 (46%),3'24,3'03,4'21,3'58,3'14,3'36,4'35,5'27,3'31,3'50,4'11,5'09,10,21,7(0),7(0),0,0,1,1,4,3,2,1,2,8,5,6,1,6,6,5,0,0,3,2,11,15,0,6,19,20,237,400,68%,77%,44,87,116,204,122,199,26,28,4,3,67,50,0 (0),0 (0),111.116,29.27,72.342,9.504,109.506,29.276,70.621,9.609,6.8,6.7,10 (25%),16 (40%),14 (35%),16 (36%),22 (48%),7 (16%),NODATA,NODATA,NODATA,NODATA,NODATA,NODATA,NODATA,NODATA,NODATA,NODATA,NODATA,NODATA,NODATA,NODATA,NODATA,NODATA,NODATA,NODATA,NODATA,NODATA,NODATA,NODATA,NODATA,NODATA,NODATA,NODATA,NODATA,NODATA,NODATA,NODATA,NODATA,NODATA,NODATA,NODATA,NODATA,NODATA,NODATA,NODATA,NODATA,NODATA,NODATA,NODATA,NODATA,NODATA,NODATA,NODATA,NODATA,NODATA,NODATA,NODATA,NODATA,NODATA,NODATA,NODATA,NODATA,NODATA,ADRIEN TAMEZE,61,LEONARDO SPINAZZOLA,37,3.75,3.5,1.95
2020-2021,1,PARMA,NAPOLI,20/09/2020,ENNIO TARDINI STADIUM,12:30,MAURIZIO  MARIANI,EMANUELE  PRENNA,DAMIANO  MARGANI,RICCARDO  ROS,GIANLUCA  AURELIANO,STEFANO DEL GIOVANE,0,2,A,FABIO LIVERANI,GENNARO GATTUSO,4-3-1-2,2004/03/03,97'14,53'48,55%,21'59 (41%),15'37 (71%),6'22 (29%),31'49 (59%),14'10 (45%),17'39 (55%),3'56,4'20,4'24,2'16,2'12,4'51,6'15,5'48,6'18,5'24,3'56,4'07,6,16,2(0),7(2),0,0,0,0,1,3,0,1,2,5,4,2,2,4,0,6,0,0,2,1,6,10,4,2,16,12,345,576,85%,89%,48,152,108,325,239,252,33,29,0,2,46,31,0 (0),0 (0),110.622,27.387,76.409,6.826,108.599,28.15,72.577,7.872,6.7,6.7,12 (50%),5 (21%),7 (29%),19 (42%),5 (11%),21 (47%),629,289,244,96,859,210,416,233,14,32,54,8,42,61,59,19,41,47,41,20,23,18,27,27,14,16,16,12,4,8,10,16,7,23,34,8,28,43,39,28,25,41,63,62,44,52,61,68,56,48,28,46,21,17,10,7,ANDREAS CORNELIUS,11,LORENZO INSIGNE,24,5.25,4.2,1.61
2020-2021,1,GENOA,CROTONE,20/09/2020,LUIGI FERRARIS STADIUM,15:00,GIOVANNI  AYROLDI,ALESSANDRO  GIALLATINI,GIUSEPPE  MACADDINO,GIANLUCA  MANGANIELLO,LUCA  BANTI,SERGIO  RANGHETTI,4,1,H,ROLANDO MARAN,GIOVANNI STROPPA,2003/05/02,2003/05/02,94'59,55'01,58%,27'02 (49%),16'59 (63%),10'03 (37%),27'59 (51%),16'16 (58%),11'43 (42%),5'07,3'46,3'17,4'25,4'20,6'07,3'40,4'58,4'54,4'56,3'50,5'41,12,12,8(4),5(1),0,0,0,0,8,4,1,1,2,6,3,2,2,1,8,4,4,1,7,0,11,8,6,4,13,14,404,432,87%,86%,59,92,143,200,268,236,34,18,4,3,42,21,0 (0),0 (0),107.811,30.039,71.216,6.556,109.159,28.069,73.716,7.374,6.6,6.6,14 (32%),13 (29%),17 (39%),13 (29%),11 (24%),21 (47%),677,255,311,111,694,233,305,156,10,30,49,12,24,42,45,43,39,54,48,45,20,39,33,33,18,18,23,17,13,11,6,5,4,24,36,8,29,59,48,25,26,43,54,29,37,48,33,35,37,28,27,28,17,5,9,5,GORAN PANDEV,19,JUNIOR MESSIAS,30,1.9,3.6,4
2020-2021,1,SASSUOLO,CAGLIARI,20/09/2020,MAPEI STADIUM STADIUM,18:00,LIVIO  MARINELLI,ORESTE  MUTO,DOMENICO  PALERMO,MICHAEL  FABBRI,ALEANDRO  DI PAOLO,MAURO VIVENZI,1,1,D,ROBERTO DE ZERBI,EUSEBIO DI FRANCESCO,4-2-3-1,2004/03/03,98'24,52'16,53%,34'14 (65%),16'12 (47%),18'02 (53%),18'02 (35%),8'40 (48%),9'22 (52%),5'44,5'13,5'07,5'22,5'02,7'46,2'01,2'58,4'07,3'34,1'30,3'52,30,8,10(1),4(1),0,0,2,1,5,1,0,0,11,4,3,8,9,0,8,2,0,1,2,2,12,7,7,3,9,18,601,256,91%,83%,137,58,313,130,291,129,25,25,4,1,25,47,0 (0),0 (0),109.75,28.291,72.309,9.15,113.145,27.091,76.299,9.755,6.6,6.8,16 (33%),12 (25%),20 (42%),10 (36%),4 (14%),14 (50%),898,269,411,218,538,223,206,109,11,21,32,6,28,90,57,24,27,60,71,20,33,62,90,48,35,42,49,31,12,20,18,11,7,38,49,7,24,34,46,18,24,23,33,8,29,36,36,17,20,16,27,18,6,9,5,8,MANUEL LOCATELLI,73,NAHITAN NANDEZ,18,1.95,3.75,3.75
2020-2021,1,JUVENTUS,SAMPDORIA,20/09/2020,ALLIANZ STADIUM STADIUM,20:45,MARCO  PICCININI,MATTEO  PASSERI,DOMENICO  ROCCA,FEDERICO  DIONISI,GIANPAOLO  CALVARESE,ALESSANDRO LO CICERO,3,0,H,ANDREA PIRLO,CLAUDIO RANIERI,2003/05/02,2004/05/01,92'07,54'58,60%,34'02 (62%),15'21 (45%),18'41 (55%),20'56 (38%),12'09 (58%),8'47 (42%),6'01,4'37,7'24,5'24,4'22,6'14,1'45,4'27,2'34,3'57,4'31,3'41,19,14,9(3),2(0),0,0,1,1,8,1,1,0,5,8,2,5,5,4,11,2,1,0,3,2,7,10,6,4,15,9,653,276,90%,78%,150,60,338,117,322,162,39,23,6,1,47,37,0 (0),0 (0),112.334,27.813,75.388,9.133,110.375,27.549,74.421,8.405,7.1,6.9,14 (32%),16 (36%),14 (32%),14 (39%),11 (30%),11 (31%),958,283,457,218,576,221,228,127,6,38,54,16,45,47,48,29,47,70,52,55,59,65,60,49,39,39,40,37,9,18,22,14,4,38,42,13,18,29,43,34,20,29,39,22,20,29,33,36,23,21,25,23,9,12,8,6,CRISTIANO RONALDO,7,GASTON RAMIREZ,11,1.28,5.5,10.5
2020-2021,1,MILAN,BOLOGNA,21/09/2020,GIUSEPPE MEAZZA STADIUM,20:45,FEDERICO  LA PENNA,MARCO  BRESMES,VALERIO  VECCHI,DAVIDE  GHERSINI,DAVIDE  MASSA,STEFANO LIBERTI,2,0,H,STEFANO PIOLI,SINISA MIHAJLOVIC,4-2-3-1,4-2-3-1,94'59,49'46,52%,30'24 (61%),19'48 (65%),10'36 (35%),19'22 (39%),11'25 (59%),7'57 (41%),4'30,3'25,5'30,3'32,4'37,8'50,4'30,2'44,3'33,2'47,2'35,3'13,17,12,6(2),5(0),0,1,1,0,4,4,0,1,8,1,4,3,3,6,9,4,1,0,5,1,9,8,7,4,13,17,440,307,86%,84%,110,62,208,142,235,168,37,27,4,2,40,43,1 (1),0,105.581,31.148,65.113,9.32,106.964,29.042,68.467,9.455,6.4,6.6,16 (37%),14 (33%),13 (30%),17 (46%),14 (38%),6 (16%),739,248,304,187,615,256,247,112,7,27,38,7,34,52,53,30,39,37,47,47,32,26,36,40,38,38,40,19,9,12,20,11,19,44,55,2,20,43,46,27,18,28,27,36,31,35,37,35,18,20,16,19,8,11,10,10,ZLATAN IBRAHIMOVIC,11,ROBERTO SORIANO,21,1.57,4.33,5.5
2020-2021,1,BENEVENTO,INTER,30/09/2020,CIRO VIGORITO STADIUM,18:00,MARCO  PICCININI,LUCA  MONDIN,VITO  MASTRODONATO,LIVIO  MARINELLI,LUIGI  NASCA,PASQUALE DE MEO,2,5,A,FILIPPO INZAGHI,ANTONIO CONTE,4-3-2-1,3-4-1-2,94'58,54'16,57%,18'20 (34%),10'50 (59%),7'30 (41%),35'56 (66%),20'32 (57%),15'24 (43%),2'47,3'02,2'49,3'11,1'09,5'22,5'41,6'40,4'06,5'30,7'42,6'16,11,19,7(2),12(5),0,0,0,0,5,10,1,2,4,6,4,4,0,1,5,13,1,4,1,3,6,5,5,1,10,15,244,615,79%,91%,54,131,126,293,121,325,23,32,3,5,35,38,0 (0),0 (0),107.773,27.544,71.771,8.458,110.207,27.337,73.409,9.461,6.7,6.8,10 (37%),7 (26%),10 (37%),11 (31%),14 (40%),10 (29%),513,174,229,110,869,282,408,179,2,27,50,2,17,21,27,28,21,19,38,29,19,34,41,28,17,8,23,22,14,6,8,12,15,28,54,15,39,60,49,22,37,65,64,25,51,70,53,43,36,38,39,21,12,13,16,4,GIANLUCA CAPRARI,17,ACHRAF HAKIMI,2,9,4.75,1.36
2020-2021,1,UDINESE,SPEZIA,30/09/2020,DACIA ARENA - STADIO FRIULI STADIUM,18:00,ALESSANDRO  PRONTERA,FILIPPO  VALERIANI,THOMAS  RUGGIERI,DANIELE  CHIFFI,LUCA  PAIRETTO,GIORGIO PERETTI,0,2,A,LUCA GOTTI,VINCENZO ITALIANO,2003/05/02,2004/03/03,97'14,48'25,50%,24'19 (50%),12'53 (53%),11'26 (47%),24'06 (50%),17'55 (74%),6'11 (26%),3'27,2'44,3'41,3'18,3'55,7'13,4'07,6'02,8'04,1'57,1'32,2'24,11,4,5(0),3(2),0,0,0,0,4,3,1,0,5,1,0,4,1,0,5,3,0,2,6,3,12,2,2,2,13,17,369,407,83%,83%,99,44,211,153,163,256,22,44,4,1,18,45,0 (0),0 (0),109.018,28.719,71.166,9.133,108.445,27.267,74.168,7.01,6.6,6.7,15 (29%),18 (36%),18 (35%),12 (38%),10 (31%),10 (31%),655,92,391,172,692,261,362,69,4,16,13,7,9,22,18,3,17,66,76,24,62,65,34,47,30,29,23,30,10,7,22,21,22,55,33,8,41,40,27,35,53,56,68,47,53,30,27,28,5,9,13,19,7,5,3,8,FERNANDO FORESTIERI,45,ANDREY GALABINOV,9,1.6,3.75,5.75
2020-2021,1,LAZIO,ATALANTA,30/09/2020,OLIMPICO STADIUM,20:45,FABIO  MARESCA,ALESSANDRO  COSTANZO,SERGIO  RANGHETTI,FABRIZIO  PASQUA,GIANPAOLO  CALVARESE,RODOLFO DI VUOLO,1,4,A,SIMONE INZAGHI,GIAN PIERO GASPERINI,2003/05/02,3-4-1-2,94'39,56'19,59%,35'17 (63%),21'28 (61%),13'49 (39%),21'02 (37%),13'16 (63%),7'46 (37%),6'28,6'25,4'16,5'35,4'27,8'06,3'22,2'59,4'08,3'34,3'13,3'46,13,11,8(1),6(4),0,0,0,0,7,6,1,0,3,2,2,4,2,3,8,6,1,2,0,0,9,9,7,3,16,11,526,317,83%,76%,88,64,253,164,279,156,21,24,3,2,37,48,0 (0),0 (0),109.459,26.675,73.767,9.017,107.733,28.684,70.067,8.982,6.9,6.8,18 (46%),12 (31%),9 (23%),10 (37%),7 (26%),10 (37%),911,269,482,160,686,230,354,102,7,43,41,11,19,72,56,20,45,75,93,25,41,68,80,55,15,26,48,22,8,12,22,7,5,34,29,13,22,52,52,23,37,46,62,42,36,41,54,36,7,24,22,18,3,13,10,5,FELIPE CAICEDO,20,ALEJANDRO GOMEZ,10,2.55,3.5,2.55
2020-2021,2,TORINO,ATALANTA,26/09/2020,OLIMPICO GRANDE TORINO STADIUM,15:00,MASSIMILIANO  IRRATI,DAVIDE  IMPERIALE,VITTORIO  DI GIOIA,SIMONE  SOZZA,MARCO  GUIDA,STEFANO ALASSIO,2,4,A,MARCO GIAMPAOLO,GIAN PIERO GASPERINI,4-3-1-2,3-4-1-2,96'25,54'09,56%,24'46 (46%),14'46 (60%),10'00 (40%),29'23 (54%),13'29 (46%),15'54 (54%),4'35,3'58,3'28,2'49,2'45,7'11,4'45,3'56,4'34,6'04,4'35,5'27,7,17,5(2),7(4),1,0,0,0,4,5,1,0,0,5,3,2,2,5,3,6,2,4,2,3,10,12,2,6,11,12,350,456,80%,85%,45,138,133,267,219,201,23,45,1,2,45,41,0 (0),0 (0),109.245,27.855,71.954,9.436,107.853,29.712,70.203,7.938,6.6,6.6,10 (38%),8 (31%),8 (31%),17 (44%),10 (25%),12 (31%),688,289,298,101,806,215,373,218,26,46,52,9,24,58,48,26,32,44,40,32,40,42,34,34,18,22,25,12,6,5,7,6,8,24,23,11,19,46,50,34,35,57,52,42,50,54,41,42,32,38,47,19,17,23,23,19,ANDREA BELOTTI,9,ALEJANDRO GOMEZ,10,4.75,4.4,1.61
2020-2021,2,CAGLIARI,LAZIO,26/09/2020,SARDEGNA ARENA STADIUM,18:00,DAVIDE  MASSA,PASQUALE  DE MEO,FRANCESCO  FIORE,ANTONIO  DI MARTINO,DANIELE  CHIFFI,GIACOMO PAGANESSI,0,2,A,EUSEBIO DI FRANCESCO,SIMONE INZAGHI,2004/03/03,2003/05/02,94'15,50'19,53%,24'08 (48%),16'38 (69%),7'30 (31%),26'11 (52%),15'11 (58%),11'00 (42%),4'10,4'21,4'00,6'00,2'52,2'45,4'44,4'56,4'23,4'33,1'55,5'39,9,13,3(0),7(2),0,0,0,0,1,5,0,0,6,2,5,3,0,4,4,5,0,2,2,2,7,10,3,6,8,13,337,432,82%,85%,50,101,111,191,229,244,19,49,1,1,35,31,0 (0),0 (0),107.731,22.939,75.119,9.673,106.626,23.039,74.153,9.434,7.1,7.2,7 (26%),6 (22%),14 (52%),13 (41%),6 (18%),13 (41%),634,209,318,107,728,246,324,158,5,20,40,5,14,60,49,16,41,62,55,42,34,41,26,17,30,16,19,17,9,3,4,9,13,27,36,11,49,25,40,45,50,44,45,51,30,37,38,29,21,19,39,32,16,14,12,5,MARKO ROG,6,ADAM MARUSIC,77,5,4,1.66
2020-2021,2,SAMPDORIA,BENEVENTO,26/09/2020,LUIGI FERRARIS STADIUM,18:00,FEDERICO  DIONISI,SERGIO  RANGHETTI,ALESSIO  BERTI,MARCO  SERRA,DANIELE  DOVERI,MATTEO PASSERI,2,3,A,CLAUDIO RANIERI,FILIPPO INZAGHI,2004/04/02,4-3-2-1,95'17,46'01,48%,19'41 (43%),9'27 (48%),10'14 (52%),26'20 (57%),16'34 (63%),9'46 (37%),4'04,2'48,2'56,3'17,1'54,4'42,4'42,4'54,4'33,4'07,4'20,3'44,9,12,4(2),6(3),0,1,0,0,4,4,1,0,1,5,2,1,4,1,6,8,2,2,4,1,6,1,6,4,17,12,222,399,70%,83%,74,89,140,170,88,235,24,34,3,3,54,41,0 (0),0 (0),106.734,27.447,69.659,9.628,108.348,27.183,71.263,9.902,6.6,6.7,15 (41%),8 (21%),14 (38%),17 (50%),10 (29%),7 (21%),538,172,218,148,702,261,294,147,7,32,28,16,17,32,17,23,22,32,30,22,31,30,21,30,36,16,14,33,21,5,12,11,10,35,38,12,33,53,44,36,36,65,56,30,25,22,33,27,23,24,23,26,16,7,17,11,OMAR COLLEY,15,LUCA CALDIROLA,5,2,3.6,3.6
2020-2021,2,INTER,FIORENTINA,26/09/2020,GIUSEPPE MEAZZA STADIUM,20:45,GIANPAOLO  CALVARESE,VALENTINO  FIORITO,STEFANO  LIBERTI,FABIO  MARESCA,PIERO  GIACOMELLI,FABIANO PRETI,4,3,H,ANTONIO CONTE,GIUSEPPE IACHINI,3-4-1-2,2003/05/02,96'09,54'10,56%,34'14 (63%),15'44 (46%),18'30 (54%),19'56 (37%),13'05 (66%),6'51 (34%),5'09,4'43,6'04,5'08,5'27,7'43,3'06,1'50,3'49,4'34,2'24,4'12,16,10,7(3),4(3),0,0,0,0,3,4,0,0,6,4,1,4,3,2,9,8,3,3,2,1,5,12,5,1,15,10,586,252,90%,78%,191,42,349,92,241,164,30,30,5,5,31,43,0 (0),0 (0),113.753,28.437,75.4,9.916,108.557,30.501,68.908,9.148,6.8,6.5,12 (25%),18 (37%),18 (38%),7 (26%),10 (37%),10 (37%),885,171,418,296,568,298,188,82,8,18,33,1,19,39,39,14,43,43,74,29,56,65,69,39,52,67,73,40,16,16,21,11,17,59,47,8,23,48,64,32,27,21,35,22,12,16,19,36,10,15,12,14,4,14,10,3,LAUTARO MARTINEZ,10,FRANCK RIBERY,7,1.5,4.5,6
2020-2021,2,SPEZIA,SASSUOLO,27/09/2020,OROGEL STADIUM STADIUM,12:30,DAVIDE  GHERSINI,STEFANO  DEL GIOVANE,DAVIDE  MIELE,MARCO  PICCININI,LUCA  BANTI,FILIPPO VALERIANI,1,4,A,VINCENZO ITALIANO,ROBERTO DE ZERBI,2004/03/03,4-2-3-1,100'49,48'07,48%,18'32 (39%),10'15 (55%),8'17 (45%),29'35 (61%),16'46 (57%),12'49 (43%),1'32,2'17,5'56,2'36,3'12,2'58,1'19,3'55,7'28,6'39,3'14,7'00,13,16,6(1),8(4),0,1,0,2,5,6,1,1,5,2,2,4,2,6,5,6,1,3,0,4,10,12,3,5,13,8,260,580,80%,90%,64,99,104,240,160,345,33,28,3,1,33,28,0,1 (1),104.741,25.044,70.279,9.418,105.066,25.434,70.287,9.345,6.5,6.5,8 (35%),5 (22%),10 (43%),13 (34%),11 (29%),14 (37%),538,242,171,125,854,277,404,173,13,49,32,9,21,55,39,24,25,27,34,24,14,19,13,15,11,25,23,20,12,15,11,8,8,39,48,6,18,63,77,18,33,84,83,15,38,63,59,29,23,25,51,20,11,13,22,8,ANDREY GALABINOV,9,FILIP DJURICIC,10,4.75,4,1.66
2020-2021,2,HELLAS VERONA,UDINESE,27/09/2020,MARCANTONIO BENTEGODI STADIUM,15:00,MANUEL  VOLPI,DARIO  CECCONI,MANUEL  ROBILOTTA,RICCARDO  ROS,ALEANDRO  DI PAOLO,DANIELE BINDONI,1,0,H,IVAN JURIC,LUCA GOTTI,3-4-2-1,2003/05/02,96'07,45'13,47%,20'53 (46%),14'10 (68%),6'43 (32%),24'20 (54%),14'23 (59%),9'57 (41%),3'57,2'18,4'05,3'18,3'45,3'30,4'22,4'01,3'05,3'10,3'24,6'18,9,18,2(1),6(0),0,2,0,0,2,4,0,2,6,8,5,1,1,4,4,10,0,0,1,0,8,14,1,9,13,13,264,309,68%,74%,54,69,136,156,133,159,30,33,2,8,71,56,0 (0),0 (0),108.477,29.064,70.094,9.319,105.87,29.886,66.858,9.126,6.7,6.6,11 (28%),11 (28%),17 (44%),16 (43%),12 (33%),9 (24%),682,212,354,116,717,205,353,159,5,32,51,10,26,30,28,30,57,60,54,29,41,46,32,35,21,21,14,14,21,13,8,4,9,34,30,7,27,40,45,13,37,56,61,47,29,49,42,32,33,14,24,24,21,13,23,7,ANDREA FAVILLI,11,RODRIGO DE PAUL,10,2.7,3,2.8
2020-2021,2,CROTONE,MILAN,27/09/2020,EZIO SCIDA STADIUM,18:00,LUCA  PAIRETTO,MAURO  GALETTO,ANDREA  ZINGARELLI,GIOVANNI  AYROLDI,MAURIZIO  MARIANI,ALESSANDRO COSTANZO,0,2,A,GIOVANNI STROPPA,STEFANO PIOLI,2003/05/02,4-2-3-1,97'18,50'51,52%,24'00 (47%),13'14 (55%),10'46 (45%),26'51 (53%),15'27 (58%),11'24 (42%),4'00,3'36,3'12,4'08,3'46,5'17,4'42,6'04,5'43,3'04,2'39,4'39,5,14,1(0),7(2),0,1,1,1,0,5,0,1,4,4,4,1,0,3,1,7,0,0,3,3,5,10,3,5,14,15,341,394,81%,81%,73,99,157,189,189,210,30,32,0,4,43,45,0,1 (1),109.355,27.904,71.733,9.718,110.813,28.891,72.174,9.748,6.6,6.7,11 (28%),12 (31%),16 (41%),6 (18%),16 (49%),11 (33%),682,239,299,144,726,229,319,178,6,38,47,19,22,34,40,33,33,43,47,36,35,31,43,31,37,17,18,20,23,10,9,10,12,32,28,13,24,41,49,30,36,56,45,45,47,24,43,23,57,27,30,19,18,13,11,3,JUNIOR MESSIAS,30,FRANK KESSIE,79,6,4.5,1.5
2020-2021,2,NAPOLI,GENOA,27/09/2020,SAN PAOLO STADIUM,18:00,JUAN LUCA  SACCHI,ALESSANDRO  LO CICERO,CHRISTIAN  ROSSI,FRANCESCO  FOURNEAU,FEDERICO  LA PENNA,ALESSANDRO GIALLATINI,6,0,H,GENNARO GATTUSO,ROLANDO MARAN,4-2-3-1,2003/05/02,93'27,57'51,62%,32'47 (57%),20'25 (62%),12'22 (38%),25'04 (43%),15'41 (63%),9'23 (37%),4'54,5'02,6'30,5'32,3'41,7'08,5'45,3'30,5'31,3'00,4'08,3'10,18,5,11(6),1(0),1,0,0,0,9,1,0,0,7,2,1,5,0,2,10,1,6,0,1,2,9,5,4,2,6,13,590,420,93%,88%,91,56,258,161,339,262,50,34,3,1,21,28,0 (0),0 (0),112.658,26.087,77.578,8.993,107.86,26.702,74.256,6.902,7,6.6,12 (40%),7 (23%),11 (37%),8 (38%),5 (24%),8 (38%),808,196,453,159,640,244,301,95,9,20,37,6,11,48,35,30,46,72,88,55,47,46,38,61,23,23,30,32,18,10,15,8,14,22,40,15,44,45,42,22,49,21,54,38,40,28,36,35,10,19,13,18,9,4,7,15,HIRVING LOZANO,11,DAVIDE ZAPPACOSTA,77,1.3,5.5,10
2020-2021,2,ROMA,JUVENTUS,27/09/2020,OLIMPICO STADIUM,20:45,MARCO  DI BELLO,ALBERTO  TEGONI,SALVATORE  LONGO,ROSARIO  ABISSO,LUIGI  NASCA,LUCA MONDIN,2,2,D,PAULO FONSECA,ANDREA PIRLO,3-4-2-1,3-4-1-2,95'11,54'35,57%,23'12 (43%),11'52 (51%),11'20 (49%),31'23 (57%),18'18 (58%),13'05 (42%),5'11,3'20,1'48,3'17,4'16,5'20,5'40,5'20,4'51,5'11,4'48,5'33,9,7,6(2),3(2),0,0,1,1,5,3,1,0,1,3,1,3,2,1,6,4,1,1,0,4,11,9,5,7,19,9,343,534,85%,89%,68,96,166,232,182,310,31,31,2,1,39,28,1 (1),1 (1),109.289,25.643,74.529,9.117,107.264,25.317,72.73,9.217,6.8,7,18 (51%),11 (32%),6 (17%),8 (23%),10 (28%),17 (49%),596,200,274,122,801,246,394,161,8,34,23,14,22,32,36,31,31,40,46,31,31,32,38,25,16,18,22,23,7,9,16,11,9,27,31,6,42,47,55,29,47,49,64,38,50,48,56,42,25,36,21,30,16,12,12,9,JORDAN VERETOUT,17,CRISTIANO RONALDO,7,3.6,3.6,2
2020-2021,2,BOLOGNA,PARMA,28/09/2020,RENATO DALL'ARA STADIUM,20:45,PAOLO  VALERI,ALESSIO  TOLFO,FABIO  SCHIRRU,LUCA  MASSIMI,FABRIZIO  PASQUA,MAURO VIVENZI,4,1,H,SINISA MIHAJLOVIC,FABIO LIVERANI,4-2-3-1,4-3-1-2,95'02,50'45,53%,29'53 (59%),14'14 (48%),15'39 (52%),20'52 (41%),11'18 (54%),9'34 (46%),8'56,4'40,3'51,4'58,2'44,4'44,2'29,2'20,3'40,2'46,5'33,4'03,11,8,8(4),4(1),2,0,1,0,6,4,0,0,2,4,3,4,1,0,7,4,2,1,2,0,14,10,8,9,12,9,445,284,86%,78%,112,60,233,116,215,170,23,18,2,3,40,38,0 (0),0 (0),110.599,27.92,74.781,7.898,107.669,26.59,72.966,8.113,6.8,6.6,14 (33%),20 (46%),9 (21%),11 (37%),7 (23%),12 (40%),768,215,359,194,600,231,231,138,16,36,47,16,19,25,34,22,41,39,45,42,44,38,69,41,32,30,36,37,14,18,14,13,14,23,53,4,27,28,43,39,25,38,35,27,26,14,25,41,25,13,13,27,19,8,12,21,ROBERTO SORIANO,21,HERNANI,23,1.95,3.6,3.6
2020-2021,3,FIORENTINA,SAMPDORIA,02/10/2020,ARTEMIO FRANCHI STADIUM,20:45,PIERO  GIACOMELLI,ENRICO  CALIARI,MATTEO  BOTTEGONI,GIANLUCA  MANGANIELLO,GIANLUCA  AURELIANO,DARIO CECCONI,1,2,A,GIUSEPPE IACHINI,CLAUDIO RANIERI,2003/05/02,2004/04/02,96'02,60'30,63%,36'50 (61%),19'55 (54%),16'55 (46%),23'40 (39%),20'20 (86%),3'20 (14%),7'49,5'18,5'31,5'36,3'27,9'09,3'02,4'11,4'47,3'57,3'52,3'51,21,18,6(1),10(2),0,0,0,2,4,8,1,2,10,4,6,4,5,4,9,6,0,1,0,1,9,7,8,4,11,16,450,210,84%,70%,134,46,247,100,214,113,37,28,7,2,28,53,0,1 (1),104.184,27.487,67.949,8.748,105.392,27.176,68.748,9.468,6.5,6.8,24 (45%),15 (29%),14 (26%),12 (29%),17 (40%),13 (31%),802,247,333,222,544,226,211,107,12,30,46,2,40,54,36,27,28,56,51,32,18,41,65,42,34,35,44,46,18,18,12,15,17,47,46,12,41,15,33,15,32,39,29,7,24,28,26,26,13,24,25,11,8,12,7,7,DUSAN VLAHOVIC,9,VALERIO VERRE,8,1.61,4,5.25
2020-2021,3,SASSUOLO,CROTONE,03/10/2020,MAPEI STADIUM STADIUM,15:00,IVANO  PEZZUTO,GIORGIO  PERETTI,ALESSANDRO  CIPRESSA,ANTONIO  RAPUANO,MICHAEL  FABBRI,LUCA MONDIN,4,1,H,ROBERTO DE ZERBI,GIOVANNI STROPPA,4-2-3-1,2003/05/02,97'01,46'43,48%,26'57 (58%),20'36 (76%),6'21 (24%),19'46 (42%),8'59 (45%),10'47 (55%),6'00,4'51,5'29,4'13,3'28,2'55,2'48,1'47,4'09,1'30,2'28,7'04,8,16,4(4),6(1),0,0,1,3,4,5,0,1,3,4,5,0,1,6,6,4,2,0,2,3,4,6,3,4,15,15,396,310,83%,80%,78,74,150,155,249,160,30,21,1,2,38,26,1 (1),1 (1),98.992,26.213,63.428,9.351,96.742,25.194,62.054,9.494,6.3,6.4,11 (42%),5 (20%),10 (38%),7 (20%),10 (29%),18 (51%),716,298,307,111,617,186,282,149,9,48,59,8,24,59,68,23,21,66,70,30,19,31,24,46,11,20,28,25,7,4,9,7,13,30,14,5,28,34,49,13,22,42,55,20,34,40,44,25,27,31,23,10,14,23,15,6,FRANCESCO CAPUTO,9,SIMY,25,1.4,5,7
2020-2021,3,GENOA,TORINO,MATCH POSTPONED,,,,,,,,,,,,,,,,,,,,,,,,,,,,,,,,,,,,,,,,,,,,,,,,,,,,,,,,,,,,,,,,,,,,,,,,,,,,,,,,,,,,,,,,,,,,,,,,,,,,,,,,,,,,,,,,,,,,,,,,,,,,,,,,,,,,,,,,,,,,,,,,,,,,,,,,,,,,,,,,,,,
2020-2021,3,UDINESE,ROMA,03/10/2020,DACIA ARENA - STADIO FRIULI STADIUM,20:45,ROSARIO  ABISSO,VALERIO  VECCHI,MARCO  SCATRAGLI,MARCO  PICCININI,FABIO  MARESCA,STEFANO DEL GIOVANE,0,1,A,LUCA GOTTI,PAULO FONSECA,2003/05/02,3-4-2-1,94'53,56'00,59%,24'58 (45%),14'19 (57%),10'39 (43%),31'02 (55%),15'06 (49%),15'56 (51%),3'26,3'39,3'56,2'21,4'32,7'03,5'20,5'47,6'03,5'11,4'37,4'04,10,13,5(0),3(1),0,0,0,0,4,1,0,0,4,5,2,4,1,5,7,2,0,0,3,1,17,10,4,1,15,10,337,463,80%,85%,62,103,140,282,199,186,16,34,5,1,37,62,0 (0),0 (0),109.984,27.902,72.463,9.619,108.048,28.22,71.704,8.124,6.8,6.6,5 (16%),17 (55%),9 (29%),5 (16%),21 (65%),6 (19%),659,246,274,139,781,197,397,187,6,29,44,6,23,53,67,18,30,50,61,24,18,43,25,23,22,24,33,17,18,12,8,5,4,40,52,7,10,44,25,15,25,52,63,21,34,72,73,57,23,44,39,36,12,12,9,12,RODRIGO DE PAUL,10,PEDRO,11,5,4,1.66
2020-2021,3,ATALANTA,CAGLIARI,04/10/2020,GEWISS STADIUM STADIUM,12:30,FABRIZIO  PASQUA,GIOVANNI  BACCINI,MATTIA  SCARPA,DAVIDE  GHERSINI,DANIELE  ORSATO,MAURO GALETTO,5,2,H,GIAN PIERO GASPERINI,EUSEBIO DI FRANCESCO,3-4-1-2,2004/03/03,93'56,50'13,53%,28'16 (56%),14'53 (53%),13'23 (47%),21'57 (44%),13'55 (63%),8'02 (37%),4'37,4'58,4'44,3'41,4'38,5'38,3'57,2'33,4'02,4'10,3'08,4'06,22,11,14(5),3(2),1,1,0,0,11,3,1,0,5,4,1,7,3,4,15,2,5,2,2,0,9,5,3,9,11,9,521,326,86%,79%,144,74,273,149,254,185,28,19,6,0,51,32,0 (0),0 (0),107.68,28.576,69.2,9.904,112.984,25.882,76.352,10.75,6.8,7.1,15 (37%),15 (36%),11 (27%),9 (29%),9 (29%),13 (42%),862,269,378,215,673,247,275,151,11,37,42,23,23,49,49,35,46,75,47,20,43,55,41,51,36,45,49,31,9,12,22,11,3,43,57,7,16,42,47,32,22,37,45,33,19,42,55,22,24,33,26,8,30,21,7,2,ALEJANDRO GOMEZ,10,JOAO PEDRO,10,1.25,6.5,10
2020-2021,3,BENEVENTO,BOLOGNA,04/10/2020,CIRO VIGORITO STADIUM,15:00,SIMONE  SOZZA,STEFANO  ALASSIO,GIUSEPPE  PERROTTI,EUGENIO  ABBATTISTA,MARCO  DI BELLO,VALENTINO FIORITO,1,0,H,FILIPPO INZAGHI,SINISA MIHAJLOVIC,4-3-2-1,4-2-3-1,97'56,43'38,45%,17'11 (39%),9'56 (58%),7'15 (42%),26'27 (61%),12'28 (47%),13'59 (53%),3'32,3'12,3'56,3'11,2'01,1'19,5'13,4'00,5'41,3'03,2'57,5'32,8,16,3(1),7(0),1,1,0,0,2,6,0,0,3,6,7,2,2,3,5,9,1,0,0,5,5,16,4,10,13,15,209,362,72%,85%,43,103,101,220,112,152,21,36,1,9,32,41,0 (0),0 (0),106.253,29.852,68.868,7.533,105.262,29.775,67.923,7.564,6.4,6.4,7 (27%),10 (38%),9 (35%),13 (31%),12 (29%),17 (40%),506,204,207,95,673,180,329,164,4,22,51,15,25,24,40,23,17,23,29,31,14,39,18,36,9,15,18,14,5,11,13,10,17,34,24,3,21,37,29,15,31,46,51,27,42,43,45,44,32,26,26,23,20,19,14,4,GIANLUCA LAPADULA,9,MUSA BARROW,99,3.1,3.6,2.2
2020-2021,3,LAZIO,INTER,04/10/2020,OLIMPICO STADIUM,15:00,MARCO  GUIDA,CIRO  CARBONE,SALVATORE  LONGO,DAVIDE  MASSA,MASSIMILIANO  IRRATI,MAURO VIVENZI,1,1,D,SIMONE INZAGHI,ANTONIO CONTE,2003/05/02,3-4-1-2,97'25,56'57,58%,23'27 (41%),16'15 (69%),7'12 (31%),33'30 (59%),15'27 (46%),18'03 (54%),3'19,4'08,3'47,3'36,3'35,5'02,5'42,4'50,6'41,5'28,3'56,6'52,12,12,5(1),5(1),0,0,0,0,2,5,0,1,6,6,3,3,1,1,3,4,1,0,0,0,8,14,7,8,14,13,330,522,82%,88%,63,143,142,308,194,220,24,42,1,3,52,25,0 (0),0 (0),101.751,23.268,70.141,8.342,101.629,24.901,68.36,8.368,6.8,6.7,7 (28%),10 (40%),8 (32%),15 (29%),16 (31%),21 (40%),623,277,244,102,802,146,441,215,19,54,53,14,25,34,57,21,24,59,28,41,24,33,19,16,14,18,23,10,11,10,10,6,5,26,28,0,12,26,36,13,41,58,55,44,68,47,74,54,38,47,38,26,21,20,7,18,SERGEJ MILINKOVIC-SAVIC,21,LAUTARO MARTINEZ,10,3.1,3.7,2.2
2020-2021,3,PARMA,HELLAS VERONA,04/10/2020,ENNIO TARDINI STADIUM,15:00,ANTONIO  GIUA,VALERIO  COLAROSSI,ANDREA  TARDINO,LIVIO  MARINELLI,LUCA  BANTI,FILIPPO VALERIANI,1,0,H,FABIO LIVERANI,IVAN JURIC,4-3-1-2,3-4-2-1,95'16,52'11,55%,22'16 (43%),13'12 (59%),9'04 (41%),29'55 (57%),11'22 (38%),18'33 (62%),3'26,3'58,4'53,3'52,1'40,4'27,4'44,4'56,4'56,3'36,6'09,5'33,12,9,5(1),5(0),0,2,0,0,4,4,0,0,2,3,3,4,5,1,8,5,1,0,2,5,4,6,7,6,11,19,258,430,76%,86%,64,92,152,223,110,214,26,28,5,5,53,33,0 (0),0 (0),116.819,25.318,80.394,11.107,115.114,25.697,78.078,11.339,7.2,7.2,9 (20%),17 (37%),20 (43%),30 (46%),21 (32%),14 (22%),547,207,226,114,735,196,363,176,6,42,40,10,23,45,24,17,28,42,30,14,23,35,35,19,13,18,15,20,15,12,7,14,5,29,33,10,17,39,46,17,21,50,69,35,29,44,64,51,24,22,36,43,9,14,17,11,JASMIN KURTIC,14,IVAN ILIC,14,2.87,3.1,2.62
2020-2021,3,MILAN,SPEZIA,04/10/2020,GIUSEPPE MEAZZA STADIUM,18:00,MARCO  SERRA,RODOLFO  DI VUOLO,EDOARDO  RASPOLLINI,LUCA  PAIRETTO,PAOLO  VALERI,ALESSIO TOLFO,3,0,H,STEFANO PIOLI,VINCENZO ITALIANO,4-2-3-1,2004/03/03,96'38,54'15,56%,32'48 (60%),18'46 (57%),14'02 (43%),21'27 (40%),14'02 (65%),7'25 (35%),6'42,5'42,5'28,4'11,3'16,7'29,3'50,3'02,2'34,3'59,4'20,3'41,14,3,5(3),2(0),1,0,0,0,5,2,0,0,5,1,3,2,4,0,7,1,2,0,1,0,15,3,4,6,14,19,490,270,86%,77%,88,50,231,114,269,158,33,32,4,1,45,46,0 (0),0 (0),112.652,27.91,74.4,10.342,109.697,27.195,73.343,9.159,6.8,6.7,12 (33%),9 (25%),15 (42%),8 (40%),3 (15%),9 (45%),824,247,404,173,592,224,273,95,16,34,32,11,25,42,62,25,44,76,45,31,54,69,46,39,34,33,27,21,10,22,16,10,11,45,42,11,20,28,45,22,32,44,51,33,19,25,25,44,24,11,9,10,19,6,6,10,RAFAEL LEAO,17,JACOPO SALA,7,1.28,5.5,11
2020-2021,3,JUVENTUS,NAPOLI,04/10/2020,ALLIANZ STADIUM STADIUM,20:45,MATCH FORFEITED,,,,,,3,0,H,ANDREA PIRLO,GENNARO GATTUSO,,,,,,,,,,,,,,,,,,,,,,,,,,,,,,,,,,,,,,,,,,,,,,,,,,,,,,,,,,,,,,,,,,,,,,,,,,,,,,,,,,,,,,,,,,,,,,,,,,,,,,,,,,,,,,,,,,,,,,,,,,,,,,,,,,,,,,,,,,,,,,,,,,,,,,
2020-2021,4,NAPOLI,ATALANTA,17/10/2020,SAN PAOLO STADIUM,15:00,MARCO  DI BELLO,MATTEO  PASSERI,ALBERTO  TEGONI,FABRIZIO  PASQUA,LUIGI  NASCA,FABIANO PRETI,4,1,H,GENNARO GATTUSO,GIAN PIERO GASPERINI,4-2-3-1,3-4-2-1,95'05,49'10,52%,25'48 (52%),14'39 (57%),11'09 (43%),23'22 (48%),11'28 (49%),11'54 (51%),4'05,4'52,5'14,4'51,3'13,3'33,4'34,3'03,4'04,4'12,2'55,4'34,21,12,14(4),3(1),0,0,0,0,14,3,0,0,4,8,2,10,3,1,8,4,3,1,1,1,8,8,6,2,12,23,395,429,82%,87%,90,87,189,227,209,204,42,21,4,3,22,39,0 (0),0 (0),108.766,27.974,71.238,9.554,103.351,29.056,64.892,9.403,6.7,6.5,4 (12%),16 (49%),13 (39%),10 (40%),8 (32%),7 (28%),690,236,312,142,732,198,389,145,12,42,33,2,25,36,42,44,35,23,51,53,35,30,31,54,33,24,20,11,22,18,10,4,2,21,47,11,16,36,33,32,40,53,47,38,59,40,51,61,31,19,21,39,5,5,12,13,HIRVING LOZANO,11,SAM LAMMERS,7,2.5,3.8,2.55
2020-2021,4,INTER,MILAN,17/10/2020,GIUSEPPE MEAZZA STADIUM,18:00,MAURIZIO  MARIANI,ALESSANDRO  COSTANZO,DANIELE  BINDONI,FABIO  MARESCA,MASSIMILIANO  IRRATI,CIRO CARBONE,1,2,A,ANTONIO CONTE,STEFANO PIOLI,3-4-1-2,4-2-3-1,97'50,46'42,48%,24'51 (53%),11'37 (47%),13'14 (53%),21'51 (47%),12'41 (58%),9'10 (42%),3'59,3'58,4'01,4'35,3'33,4'44,3'01,3'18,4'41,3'52,2'53,4'06,14,9,6(1),4(2),0,1,0,1,6,4,0,0,6,4,2,4,2,1,8,5,1,1,2,2,13,12,3,5,18,11,364,275,82%,76%,103,67,202,140,170,139,28,24,7,2,40,60,0,1 (0),107.578,28.158,68.076,11.344,105.969,30.108,64.667,11.194,6.3,6.3,4 (13%),20 (67%),6 (20%),8 (29%),16 (57%),4 (14%),688,219,286,183,606,215,262,129,16,35,31,4,17,58,40,18,23,57,34,23,30,60,42,17,32,44,35,8,12,17,24,11,10,42,46,10,15,37,37,18,40,35,42,27,27,27,46,18,27,20,25,16,5,9,13,14,ROMELU LUKAKU,9,ZLATAN IBRAHIMOVIC,11,2.3,3.5,3
2020-2021,4,SAMPDORIA,LAZIO,17/10/2020,LUIGI FERRARIS STADIUM,18:00,DANIELE  ORSATO,FILIPPO  MELI,MARCO  BRESMES,ANTONIO  GIUA,DAVIDE  MASSA,STEFANO ALASSIO,3,0,H,CLAUDIO RANIERI,SIMONE INZAGHI,2004/04/02,2003/05/02,92'52,55'01,59%,29'04 (53%),15'45 (54%),13'19 (46%),25'57 (47%),13'11 (51%),12'46 (49%),6'06,5'39,4'39,3'48,2'19,6'33,4'48,5'03,1'48,5'33,4'23,4'22,12,9,8(3),1(0),1,0,0,0,6,0,0,0,3,7,1,5,1,1,7,3,2,0,0,2,7,4,4,3,12,10,435,414,82%,84%,96,103,203,212,235,205,36,41,3,3,37,59,0 (0),0 (0),110.576,28.178,73.485,8.913,111.269,26.378,76.029,8.862,6.9,6.9,9 (27%),8 (25%),16 (48%),12 (38%),12 (37%),8 (25%),756,268,326,162,749,229,361,159,18,42,48,12,30,33,45,40,38,46,42,32,37,40,48,43,52,33,14,16,13,13,10,11,12,29,52,10,18,33,39,36,27,63,65,29,27,48,56,46,35,19,28,41,6,9,10,11,TOMMASO AUGELLO,3,JOAQUIN CORREA,11,3.3,3.5,2.15
2020-2021,4,CROTONE,JUVENTUS,17/10/2020,EZIO SCIDA STADIUM,20:45,FRANCESCO  FOURNEAU,ALESSANDRO  LO CICERO,DARIO  CECCONI,IVANO  PEZZUTO,ROSARIO  ABISSO,SALVATORE LONGO,1,1,D,GIOVANNI STROPPA,ANDREA PIRLO,2003/05/02,3-4-2-1,96'58,53'56,56%,24'06 (45%),13'55 (58%),10'11 (42%),29'50 (55%),17'17 (58%),12'33 (42%),2'44,3'50,3'55,4'22,4'15,5'00,4'13,4'25,5'19,4'05,4'04,7'44,11,8,3(1),3(1),0,1,1,0,3,3,0,1,6,5,1,2,2,0,4,3,0,1,0,2,7,15,3,4,17,14,375,451,84%,87%,91,80,167,192,213,264,31,45,3,2,40,58,1 (1),0,102.263,24.441,68.908,8.914,101.889,24.17,67.886,9.833,6.7,6.8,14 (41%),9 (27%),11 (32%),13 (43%),6 (20%),11 (37%),687,269,251,167,772,288,330,154,13,39,34,12,39,50,59,23,21,44,43,34,14,41,28,26,33,20,29,38,16,5,15,11,14,48,45,14,21,53,52,41,37,47,51,38,35,38,45,39,23,26,39,23,9,15,10,9,LUCA CIGARINI,8,ALVARO MORATA,9,6.5,4.5,1.45
2020-2021,4,BOLOGNA,SASSUOLO,18/10/2020,RENATO DALL'ARA STADIUM,12:30,DANIELE  DOVERI,STEFANO  LIBERTI,LUIGI  ROSSI,LORENZO  ILLUZZI,ALEANDRO  DI PAOLO,ALESSANDRO GIALLATINI,3,4,A,SINISA MIHAJLOVIC,ROBERTO DE ZERBI,4-2-3-1,4-2-3-1,99'31,46'25,47%,21'03 (45%),9'24 (45%),11'39 (55%),25'22 (55%),15'10 (60%),10'12 (40%),4'12,4'14,3'32,3'45,1'24,3'55,4'21,3'36,3'57,4'51,4'09,4'28,14,23,7(3),12(3),0,0,0,0,7,9,0,0,4,8,9,3,3,3,8,14,2,2,0,0,9,14,7,11,20,12,248,310,73%,78%,79,90,145,166,107,150,26,24,4,8,37,55,0 (0),0 (0),102.653,28.206,65.299,9.148,106.177,27.852,69.217,9.108,6.3,6.4,17 (37%),20 (43%),9 (20%),9 (23%),15 (37%),16 (40%),588,196,235,157,672,250,262,160,0,30,55,9,8,32,43,19,17,38,37,22,22,40,35,24,24,15,43,22,9,16,12,16,4,41,39,5,23,59,58,21,17,26,50,33,32,32,45,27,19,37,32,12,19,12,24,5,ROBERTO SORIANO,21,FRANCESCO CAPUTO,9,2.9,3.6,2.3
2020-2021,4,SPEZIA,FIORENTINA,18/10/2020,OROGEL STADIUM STADIUM,15:00,GIANLUCA  MANGANIELLO,GIACOMO  PAGANESSI,DAMIANO  DI IORIO,EUGENIO  ABBATTISTA,LUCA  BANTI,MAURO VIVENZI,2,2,D,VINCENZO ITALIANO,GIUSEPPE IACHINI,2004/03/03,2003/05/02,96'15,54'15,56%,26'53 (50%),16'29 (61%),10'24 (39%),27'22 (50%),17'43 (65%),9'39 (35%),3'24,5'16,5'36,2'54,4'47,4'55,5'19,3'07,3'45,7'40,1'57,5'34,12,9,2(2),6(2),0,2,0,0,2,6,0,0,4,1,2,0,6,2,5,5,1,2,1,3,9,11,5,5,15,18,404,369,83%,84%,96,63,203,134,203,241,38,36,3,1,32,42,0 (0),0 (0),105.936,26.993,71.072,7.871,99.754,25.32,67.457,6.977,6.7,6.6,9 (32%),8 (29%),11 (39%),9 (36%),5 (20%),11 (44%),697,202,320,175,674,254,296,124,2,32,25,4,24,41,40,34,25,51,50,23,37,57,44,33,34,33,44,24,13,9,11,7,12,42,36,4,25,56,47,32,42,40,67,28,37,30,28,24,28,17,15,23,7,7,14,13,DIEGO FARIAS,17,CRISTIANO BIRAGHI,3,5.25,4,1.61
2020-2021,4,TORINO,CAGLIARI,18/10/2020,OLIMPICO GRANDE TORINO STADIUM,15:00,FEDERICO  LA PENNA,ALESSIO  TOLFO,MICHELE  LOMBARDI,VALERIO  MARINI,PAOLO  VALERI,RODOLFO DI VUOLO,2,3,A,MARCO GIAMPAOLO,EUSEBIO DI FRANCESCO,4-3-1-2,4-2-3-1,96'07,50'11,52%,27'13 (54%),13'54 (51%),13'19 (49%),22'58 (46%),13'21 (58%),9'37 (42%),4'47,4'13,3'25,5'11,4'10,5'26,2'52,5'00,4'36,3'59,3'41,2'50,10,10,6(2),7(3),0,0,1,0,4,5,0,0,4,2,3,4,0,1,6,7,1,2,1,4,8,2,2,4,14,16,465,296,90%,84%,88,76,230,143,244,156,34,35,4,3,37,42,1 (1),0,102.268,27.82,67.29,7.158,107.843,27.972,71.882,7.989,6.2,6.5,16 (32%),19 (38%),15 (30%),11 (32%),6 (18%),17 (50%),742,200,392,150,567,216,222,129,3,36,31,13,15,39,36,27,39,68,64,30,54,47,43,47,29,21,18,41,11,9,12,9,8,35,38,7,29,36,42,21,25,26,39,23,28,31,12,38,35,20,8,13,28,9,11,5,ANDREA BELOTTI,9,GIOVANNI SIMEONE,9,2.1,3.5,3.4
2020-2021,4,UDINESE,PARMA,18/10/2020,DACIA ARENA - STADIO FRIULI STADIUM,18:00,MICHAEL  FABBRI,PASQUALE  CAPALDO,GIANLUCA  SECHI,RICCARDO  ROS,MARCO  GUIDA,GIORGIO PERETTI,3,2,H,LUCA GOTTI,FABIO LIVERANI,2003/05/02,4-3-1-2,97'22,52'07,54%,24'23 (47%),12'17 (50%),12'06 (50%),27'44 (53%),17'32 (63%),10'12 (37%),3'30,3'02,3'46,5'08,3'47,5'10,5'32,5'55,3'59,4'06,2'58,5'14,14,8,4(2),3(2),1,0,0,0,3,1,0,0,5,4,1,1,5,1,4,3,2,1,2,1,10,12,11,2,12,11,300,449,85%,85%,81,76,162,202,145,250,25,52,2,1,43,47,0 (0),0 (0),109.035,28.98,69.168,10.887,107.791,29.241,69.118,9.432,6.6,6.5,14 (31%),18 (40%),13 (29%),15 (44%),7 (21%),12 (35%),596,169,260,167,758,273,365,120,17,17,31,4,16,40,29,15,31,37,44,26,23,44,29,26,19,25,38,29,13,13,23,7,2,31,60,8,17,72,64,19,32,40,60,54,29,45,33,72,16,19,19,25,12,10,4,15,SAMIR,3,YANN KARAMOH,10,1.9,3.4,4
2020-2021,4,ROMA,BENEVENTO,18/10/2020,OLIMPICO STADIUM,20:45,GIOVANNI  AYROLDI,STEFANO  DEL GIOVANE,MAURO  GALETTO,MARCO  PICCININI,PAOLO SILVIO  MAZZOLENI,VALENTINO FIORITO,5,2,H,PAULO FONSECA,FILIPPO INZAGHI,3-4-2-1,4-3-2-1,96'58,48'07,50%,25'47 (54%),14'48 (57%),10'59 (43%),22'20 (46%),14'03 (63%),8'17 (37%),4'49,4'13,5'04,4'16,2'30,4'54,2'58,2'52,3'53,3'14,4'18,5'05,18,10,10(5),4(2),0,1,1,1,10,4,0,0,6,4,2,2,2,2,11,4,3,1,6,4,12,12,6,4,17,7,386,344,87%,83%,70,49,181,148,209,197,23,21,6,1,41,38,1 (1),1 (0),107.529,26.917,71.382,9.23,106.205,25.999,71.292,8.914,6.5,6.6,16 (35%),15 (32%),15 (33%),15 (33%),13 (29%),17 (38%),678,210,329,139,622,190,330,102,7,39,26,9,19,41,43,26,37,47,76,22,24,36,51,36,13,21,29,14,10,11,24,17,15,38,34,5,22,32,27,17,32,51,56,29,38,50,36,38,16,19,14,22,10,7,11,3,EDIN DZEKO,9,GIANLUCA CAPRARI,17,1.33,5.5,8.5
2020-2021,4,HELLAS VERONA,GENOA,19/10/2020,MARCANTONIO BENTEGODI STADIUM,20:45,ANTONIO  RAPUANO,TARCISIO  VILLA,FABRIZIO  LOMBARDO,MARCO  SERRA,PIERO  GIACOMELLI,SERGIO RANGHETTI,0,0,D,IVAN JURIC,ROLANDO MARAN,2003/05/02,2003/05/02,94'57,49'54,53%,28'38 (57%),13'54 (49%),14'44 (51%),21'16 (43%),13'40 (64%),7'36 (36%),4'51,5'35,4'56,2'54,4'50,5'32,2'57,3'08,4'22,3'50,3'42,3'17,19,6,12(0),2(0),2,0,0,0,10,2,0,0,6,3,2,12,1,1,4,2,0,0,1,1,13,7,14,2,14,15,417,260,82%,70%,98,42,220,118,206,145,22,30,3,2,53,78,0 (0),0 (0),110.938,27.065,73.951,9.922,108.713,26.898,73.238,8.577,6.9,6.7,14 (33%),15 (36%),13 (31%),4 (19%),7 (33%),10 (48%),810,174,431,205,662,276,287,99,6,14,21,5,22,39,45,22,43,74,78,41,36,53,59,47,27,28,38,38,18,18,22,16,12,60,65,12,23,47,37,20,29,67,52,30,21,30,36,22,17,23,21,13,8,8,3,6,EBRIMA COLLEY,90,GORAN PANDEV,19,2.2,3.4,3.1
2020-2021,5,SASSUOLO,TORINO,23/10/2020,MAPEI STADIUM STADIUM,20:45,MARCO  GUIDA,FILIPPO  VALERIANI,ALESSANDRO  COSTANZO,ALESSANDRO  PRONTERA,ALEANDRO  DI PAOLO,ALESSANDRO LO CICERO,3,3,D,ROBERTO DE ZERBI,MARCO GIAMPAOLO,4-2-3-1,4-3-1-2,97'23,48'39,50%,30'13 (62%),15'29 (51%),14'44 (49%),18'26 (38%),8'38 (47%),9'48 (53%),4'50,5'38,3'56,5'21,4'47,5'41,5'37,2'36,5'38,1'00,1'13,2'22,18,17,9(3),12(3),0,2,0,0,7,11,0,1,4,2,8,4,5,3,8,11,3,3,1,0,5,3,6,8,10,12,633,201,91%,80%,135,73,336,121,304,85,38,22,4,5,34,40,0 (0),0 (0),NODATA,NODATA,NODATA,NODATA,NODATA,NODATA,NODATA,NODATA,NODATA,NODATA,26 (54%),12 (25%),10 (21%),10 (26%),18 (48%),10 (26%),889,249,439,201,454,165,162,127,9,24,35,6,20,58,74,23,37,68,66,37,58,56,52,65,28,41,44,35,11,16,13,13,12,35,32,3,17,32,21,13,17,19,20,26,15,20,27,18,19,18,17,22,13,14,12,12,NODATA,NODATA,NODATA,NODATA,1.66,4.33,4.5
2020-2021,5,ATALANTA,SAMPDORIA,24/10/2020,GEWISS STADIUM STADIUM,15:00,GIANPAOLO  CALVARESE,GIORGIO  PERETTI,ORESTE  MUTO,MANUEL  VOLPI,LUCA  BANTI,ALBERTO TEGONI,1,3,A,GIAN PIERO GASPERINI,CLAUDIO RANIERI,3-4-1-2,4-4-2,95'58,49'49,52%,34'13 (69%),13'24 (39%),20'49 (61%),15'36 (31%),10'12 (65%),5'24 (35%),6'42,6'49,4'28,5'52,5'57,4'25,2'56,2'38,2'14,3'31,0'55,3'22,16,6,5(1),4(3),0,0,1,1,5,4,0,0,5,1,1,4,6,1,5,5,0,3,1,0,20,6,3,1,11,18,577,245,88%,73%,225,37,367,93,216,153,34,17,3,1,42,61,1 (1),1 (0),105.463,27.913,67.981,9.569,110.154,26.925,74.249,8.98,6.5,6.8,12 (31%),8 (20%),19 (49%),8 (47%),4 (24%),5 (29%),928,190,396,342,593,297,218,78,13,17,14,9,29,47,34,27,38,47,63,39,65,41,45,58,68,69,59,56,25,21,21,23,10,46,55,18,17,43,56,52,27,27,31,35,20,18,27,33,13,12,14,21,2,3,7,6,JOSIP ILICIC,72,JAKUB JANKTO,14,1.4,5.5,6.5
2020-2021,5,GENOA,INTER,24/10/2020,LUIGI FERRARIS STADIUM,18:00,DAVIDE  MASSA,STEFANO  ALASSIO,MATTEO  BOTTEGONI,GIANLUCA  MANGANIELLO,MARCO  DI BELLO,STEFANO LIBERTI,0,2,A,ROLANDO MARAN,ANTONIO CONTE,3-5-2,3-4-1-2,93'04,56'49,61%,22'10 (39%),17'10 (77%),5'00 (23%),34'39 (61%),16'28 (48%),18'11 (52%),3'36,2'42,3'30,3'42,3'51,4'49,7'28,6'14,6'16,4'29,4'57,5'15,1,13,0,6(2),0,1,0,0,0,3,0,0,1,4,2,0,0,3,0,6,0,2,2,2,9,10,1,9,11,17,326,567,77%,87%,27,153,80,315,246,259,34,35,0,4,58,40,0 (0),0 (0),113.868,27.513,78.141,8.214,115.474,27.665,78.413,9.396,7,7.1,4 (27%),5 (33%),6 (40%),12 (33%),7 (20%),17 (47%),667,355,264,48,908,177,456,275,11,42,68,28,45,42,69,50,27,43,54,42,20,25,32,21,4,12,12,10,3,2,1,4,8,19,21,6,17,45,39,22,30,76,83,29,61,82,49,46,69,58,38,37,34,19,14,6,NICOLO' ROVELLA,65,ROMELU LUKAKU,9,7.5,4.5,1.4
2020-2021,5,LAZIO,BOLOGNA,24/10/2020,OLIMPICO STADIUM,20:45,MASSIMILIANO  IRRATI,VALENTINO  FIORITO,ANDREA  ZINGARELLI,FEDERICO  DIONISI,PAOLO SILVIO  MAZZOLENI,RODOLFO DI VUOLO,2,1,H,SIMONE INZAGHI,SINISA MIHAJLOVIC,3-5-2,4-2-3-1,96'00,53'35,56%,27'01 (50%),17'40 (65%),9'21 (35%),26'34 (50%),13'27 (51%),13'07 (49%),3'37,5'01,5'39,5'06,3'21,4'17,5'58,4'08,4'13,2'21,4'23,5'31,7,18,4(2),6(1),1,1,0,1,2,4,0,1,2,10,4,1,1,2,4,6,1,1,3,2,10,13,8,9,14,15,365,401,82%,85%,61,97,147,234,222,173,32,25,2,3,58,43,0 (0),0 (0),108.882,24.765,74.77,9.347,107.162,24.591,74.693,7.878,7.1,7,9 (39%),10 (44%),4 (17%),3 (11%),23 (85%),1 (4%),679,271,292,116,737,148,398,191,12,39,69,12,13,38,53,35,30,33,55,56,16,15,28,59,18,12,17,30,6,6,16,11,11,33,23,4,23,22,20,12,53,47,42,34,71,34,61,56,42,34,37,23,13,14,21,7,CIRO IMMOBILE,17,LORENZO DE SILVESTRI,29,1.65,4,4.75
2020-2021,5,CAGLIARI,CROTONE,25/10/2020,SARDEGNA ARENA STADIUM,12:30,ANTONIO  DI MARTINO,GIACOMO  PAGANESSI,VITTORIO  DI GIOIA,GIOVANNI  AYROLDI,DANIELE  CHIFFI,DAMIANO DI IORIO,4,2,H,EUSEBIO DI FRANCESCO,GIOVANNI STROPPA,4-2-3-1,3-5-2,94'30,50'37,54%,23'13 (46%),12'58 (56%),10'15 (44%),27'24 (54%),19'54 (73%),7'30 (27%),3'51,2'02,2'55,3'35,5'17,5'33,4'32,5'26,4'31,5'28,4'04,3'22,17,12,8(4),6(2),1,0,1,0,5,6,0,0,7,5,4,4,2,1,8,8,2,1,2,1,10,9,5,1,13,13,330,451,84%,88%,83,51,176,105,159,349,25,24,4,6,38,28,0 (0),0 (0),107.636,25.62,73.153,8.863,98.727,23.173,67.224,8.33,6.9,6.9,9 (27%),13 (40%),11 (33%),5 (22%),7 (30%),11 (48%),627,149,298,180,745,387,258,100,1,21,37,8,16,28,33,5,33,46,46,22,25,51,48,27,30,28,51,20,22,10,15,4,17,49,53,18,45,89,81,35,40,41,50,28,38,21,21,19,18,22,10,9,17,9,11,4,JOAO PEDRO,10,JUNIOR MESSIAS,30,2,3.6,3.6
2020-2021,5,BENEVENTO,NAPOLI,25/10/2020,CIRO VIGORITO STADIUM,15:00,DANIELE  DOVERI,DOMENICO  ROCCA,SALVATORE  AFFATATO,IVANO  PEZZUTO,PAOLO  VALERI,MATTEO PASSERI,1,2,A,FILIPPO INZAGHI,GENNARO GATTUSO,4-3-2-1,4-2-3-1,98'10,48'50,50%,19'56 (41%),13'46 (69%),6'10 (31%),28'54 (59%),12'36 (44%),16'18 (56%),2'40,3'47,3'25,1'30,3'35,4'59,6'11,4'54,4'36,4'40,3'32,5'01,7,16,3(1),8(2),0,2,1,0,2,4,0,3,3,6,4,2,1,2,2,9,1,2,1,2,5,9,3,15,18,13,206,500,70%,88%,30,121,75,267,135,238,31,28,0,5,51,40,0 (0),0 (0),107.826,26.9,73.07,7.856,109.168,27.237,72.685,9.246,6.6,6.5,8 (44%),6 (34%),4 (22%),8 (22%),12 (32%),17 (46%),522,259,182,81,818,171,441,206,7,30,57,10,32,42,47,34,33,26,21,22,20,15,22,23,13,6,16,12,11,7,5,11,10,21,20,7,22,32,35,24,34,56,87,45,44,53,56,66,43,46,31,12,29,30,12,3,ROBERTO INSIGNE,19,LORENZO INSIGNE,24,8,6,1.3
2020-2021,5,PARMA,SPEZIA,25/10/2020,ENNIO TARDINI STADIUM,15:00,VALERIO  MARINI,DANIELE  BINDONI,RICCARDO  ANNALORO,LUCA  PAIRETTO,DANIELE  ORSATO,MAURO GALETTO,2,2,D,FABIO LIVERANI,VINCENZO ITALIANO,4-3-1-2,4-3-3,94'14,53'57,57%,26'25 (49%),17'22 (66%),9'03 (34%),27'32 (51%),12'24 (45%),15'08 (55%),3'03,8'37,4'29,2'48,3'29,3'59,3'02,3'54,6'59,4'32,6'01,3'03,15,14,7(2),9(2),0,1,1,0,7,7,0,3,8,4,4,5,0,1,10,10,0,2,4,1,11,10,12,3,12,22,326,366,80%,82%,64,67,164,140,172,229,30,48,7,6,23,45,1 (1),0,107.281,26.646,72.488,8.147,107.818,26.003,73.913,7.902,6.7,6.9,25 (48%),18 (35%),9 (17%),18 (39%),10 (22%),18 (39%),633,194,310,129,677,224,320,133,3,26,34,11,19,31,38,32,28,50,69,27,23,35,46,32,11,22,12,28,12,8,20,16,17,49,41,3,22,42,29,21,38,70,68,24,25,39,17,39,21,29,11,17,18,22,13,2,JURAJ KUCKA,33,KEVIN AGUDELO,80,2.05,3.5,3.5
2020-2021,5,FIORENTINA,UDINESE,25/10/2020,ARTEMIO FRANCHI STADIUM,18:00,FRANCESCO  FOURNEAU,FABIANO  PRETI,VITO  MASTRODONATO,MARCO  PICCININI,MAURIZIO  MARIANI,STEFANO DEL GIOVANE,3,2,H,GIUSEPPE IACHINI,LUCA GOTTI,3-5-1-1,3-5-2,96'19,52'17,54%,24'24 (47%),16'14 (67%),8'10 (33%),27'53 (53%),18'44 (67%),9'09 (33%),4'03,3'55,2'55,3'32,5'23,4'36,4'46,4'07,5'21,4'41,2'15,6'43,4,13,3(3),6(2),0,1,0,0,3,5,0,0,1,5,4,0,0,2,3,6,3,2,1,7,14,6,2,7,16,14,283,354,80%,85%,58,77,137,171,147,188,34,19,0,3,48,33,0 (0),0 (0),106.995,27.671,70.172,9.152,103.712,28.13,65.723,9.859,6.6,6.4,7 (32%),4 (18%),11 (50%),13 (33%),9 (22%),18 (45%),577,223,249,105,646,169,314,163,11,44,40,11,30,40,27,20,28,30,39,29,31,32,35,25,23,12,18,16,15,4,11,6,5,24,18,8,25,35,28,26,59,51,44,20,51,33,30,26,27,21,29,24,22,12,22,6,GAETANO CASTROVILLI,10,STEFANO OKAKA,7,1.72,3.6,4.75
2020-2021,5,JUVENTUS,HELLAS VERONA,25/10/2020,ALLIANZ STADIUM STADIUM,20:45,FABRIZIO  PASQUA,PASQUALE  DE MEO,DAVIDE  IMPERIALE,DAVIDE  GHERSINI,FEDERICO  LA PENNA,DARIO CECCONI,1,1,D,ANDREA PIRLO,IVAN JURIC,3-4-1-2,3-4-1-2,98'57,51'31,52%,30'35 (59%),13'29 (44%),17'06 (56%),20'56 (41%),10'52 (52%),10'04 (48%),5'19,3'54,5'30,3'18,5'13,7'21,3'10,4'43,3'50,4'26,1'42,3'05,21,5,8(1),2(1),0,0,0,0,7,2,2,0,8,3,1,5,5,0,10,3,0,1,4,3,8,8,6,3,14,19,513,277,87%,78%,143,72,279,161,238,119,28,16,7,2,52,38,0 (0),0 (0),113.25,31.701,70.502,11.047,111.222,31.972,68.877,10.373,6.6,6.5,5 (14%),26 (72%),5 (14%),5 (24%),13 (62%),3 (14%),848,272,365,211,590,207,250,133,15,36,44,6,38,57,52,24,25,70,63,30,23,45,71,38,22,52,54,25,7,28,14,9,5,36,47,8,15,28,52,16,23,29,32,20,26,45,37,38,21,21,24,25,10,10,11,11,DEJAN KULUSEVSKI,44,ANDREA FAVILLI,11,1.33,5,8.5
2020-2021,5,MILAN,ROMA,26/10/2020,GIUSEPPE MEAZZA STADIUM,20:45,PIERO  GIACOMELLI,SERGIO  RANGHETTI,LUCA  MONDIN,MICHAEL  FABBRI,LUIGI  NASCA,MAURO VIVENZI,3,3,D,STEFANO PIOLI,PAULO FONSECA,4-2-3-1,3-4-2-1,95'38,52'43,55%,29'36 (56%),18'55 (64%),10'41 (36%),23'07 (44%),12'30 (54%),10'37 (46%),5'27,5'52,3'54,6'25,3'17,4'41,3'51,3'24,3'40,4'39,3'21,4'12,14,14,11(3),9(3),3,2,3,1,7,6,1,0,2,2,6,6,1,3,8,4,2,1,7,0,8,4,7,7,15,15,436,367,87%,85%,63,79,183,183,261,187,21,34,5,1,35,46,1 (1),1 (1),106.724,30.048,67.382,9.294,108.472,28.915,70.765,8.792,6.5,6.5,8 (27%),11 (36%),11 (37%),19 (54%),6 (17%),10 (29%),721,232,366,123,636,226,276,134,11,43,45,4,22,50,40,17,22,66,82,39,37,31,53,36,29,12,18,15,6,18,21,4,4,43,42,6,34,46,30,21,16,43,45,30,33,39,43,27,17,18,35,23,6,17,10,8,ZLATAN IBRAHIMOVIC,11,EDIN DZEKO,9,2.05,3.6,3.3